first_name-last_name-email
Cristen-Bowshire-cbowshire0@last.fm
Tess-Maytom-"tmaytom1@pagesperso-orange.fr"
Orson-Eberle-oeberle2@sbwire.com
Nelie-Littlechild-nlittlechild3@dot.gov
Cristin-Margiotta-cmargiotta4@technorati.com
Adeline-Twigg-atwigg5@bluehost.com
Bay-Gowdridge-bgowdridge6@earthlink.net
Willa-Stenyng-wstenyng7@alibaba.com
Julian-Di Baudi-jdibaudi8@phpbb.com
Dana-Flather-dflather9@va.gov
Caria-Eland-celanda@live.com
Darius-Cook-dcookb@state.tx.us
Loella-Bendtsen-lbendtsenc@icio.us
Adolphus-Farden-afardend@mtv.com
Jamaal-Giraudo-jgiraudoe@altervista.org
Carole-Larver-clarverf@unblog.fr
Hyatt-Mager-hmagerg@twitpic.com
Dulce-Sirl-dsirlh@nymag.com
Cassie-Westmore-cwestmorei@earthlink.net
Adey-Ibbett-aibbettj@weather.com
Thelma-Dawidowsky-tdawidowskyk@japanpost.jp
Nicholas-Tythacott-ntythacottl@wunderground.com
Norton-Easun-neasunm@wunderground.com
Sunny-Claybourn-sclaybournn@myspace.com
Cecil-Drogan-cdrogano@geocities.com
Domingo-Wolters-"dwoltersp@e-recht24.de"
Arthur-Savage-asavageq@blogger.com
Ottilie-Dalley-odalleyr@typepad.com
Joela-Pietroni-jpietronis@washingtonpost.com
Jaquenetta-Bramall-jbramallt@cyberchimps.com
Tillie-Harbour-tharbouru@elegantthemes.com
Mill-Teml-mtemlv@squarespace.com
Horst-Ivanets-hivanetsw@arizona.edu
Clarice-Sauniere-csaunierex@salon.com
Hi-Baud-hbaudy@csmonitor.com
Thomasa-Faragan-tfaraganz@skype.com
Tybie-Gregoretti-tgregoretti10@mit.edu
Garold-Record-grecord11@google.de
Tully-Benoist-tbenoist12@ocn.ne.jp
Salim-Petche-spetche13@goodreads.com
Engelbert-Hamflett-ehamflett14@ted.com
Gay-Faulks-gfaulks15@google.ru
Wilow-Dewerson-wdewerson16@virginia.edu
Kay-Klimpke-kklimpke17@virginia.edu
Meridel-Tailour-mtailour18@ftc.gov
Herc-Gladhill-hgladhill19@paypal.com
Cristina-Hagerty-chagerty1a@loc.gov
Hasheem-Roseveare-hroseveare1b@angelfire.com
Sly-Edler-sedler1c@lycos.com
Hirsch-Lazenbury-"hlazenbury1d@over-blog.com"
Marnia-Camilio-mcamilio1e@yelp.com
Teddi-O'Callaghan-tocallaghan1f@csmonitor.com
Faun-Prandi-fprandi1g@reference.com
Calli-Gonnely-cgonnely1h@oakley.com
Lillian-Prinn-lprinn1i@guardian.co.uk
Gian-Wellman-gwellman1j@tinypic.com
Tonye-Wenden-twenden1k@geocities.com
Katrina-Norcott-knorcott1l@4shared.com
Rozele-Daniellot-rdaniellot1m@ucoz.com
Peri-Hunnawill-phunnawill1n@zdnet.com
Nils-Lideard-nlideard1o@yahoo.co.jp
Bud-Longhi-blonghi1p@amazon.co.uk
Worth-Deverock-wdeverock1q@alibaba.com
Jed-Hollow-jhollow1r@meetup.com
Helsa-Matashkin-hmatashkin1s@state.tx.us
Say-Jeffcock-sjeffcock1t@nyu.edu
Fidole-Pinnell-fpinnell1u@home.pl
Ambrosi-Deem-adeem1v@4shared.com
Anthia-Pedrocco-"apedrocco1w@list-manage.com"
Bren-Erskin-berskin1x@apple.com
Adena-Stigers-astigers1y@techcrunch.com
Kinnie-Blader-kblader1z@reddit.com
Alessandro-Adhams-aadhams20@skyrock.com
Yorgo-Goldes-ygoldes21@soundcloud.com
Gibby-Kall-gkall22@google.es
Marlie-Skeeles-mskeeles23@google.com.br
Gale-Hammant-ghammant24@parallels.com
Elinore-Beenham-ebeenham25@slashdot.org
Keenan-Biglin-kbiglin26@symantec.com
Vittoria-Bocke-vbocke27@w3.org
Elizabeth-Habbal-ehabbal28@goo.gl
Lowell-Giacomuzzo-lgiacomuzzo29@google.com
Gaylord-Shenton-gshenton2a@theguardian.com
Raff-Extall-rextall2b@ihg.com
Cordi-Kearle-ckearle2c@ovh.net
Kile-Alfonzo-kalfonzo2d@rakuten.co.jp
Vyky-Klosges-vklosges2e@marriott.com
Fons-Wilbore-fwilbore2f@webs.com
Selinda-Chaperlin-schaperlin2g@virginia.edu
Fifi-Stegers-fstegers2h@i2i.jp
Pietrek-Charnock-pcharnock2i@godaddy.com
Deck-Buxy-dbuxy2j@state.gov
Jordan-McKenney-jmckenney2k@state.gov
Daren-Gocher-dgocher2l@yahoo.co.jp
Ralph-Burstowe-rburstowe2m@purevolume.com
Faustine-Hatz-fhatz2n@imgur.com
Kati-Beardwell-kbeardwell2o@imdb.com
Veda-Collop-"vcollop2p@list-manage.com"
Aime-Beathem-abeathem2q@opensource.org
Augustina-O'Brallaghan-aobrallaghan2r@blinklist.com
